{
  "0.5s": {
    "n_samples": 12000,
    "min": 1.84,
    "p50": 2.1,
    "p90": 3.73,
    "max": 6.35,
    "mean_ms": 2.51,
    "rtf": 0.00503
  },
  "1.0s": {
    "n_samples": 24000,
    "min": 2.45,
    "p50": 2.65,
    "p90": 3.96,
    "max": 17.05,
    "mean_ms": 3.22,
    "rtf": 0.00322
  },
  "2.0s": {
    "n_samples": 48000,
    "min": 3.66,
    "p50": 3.98,
    "p90": 4.45,
    "max": 4.66,
    "mean_ms": 4.05,
    "rtf": 0.00203
  },
  "3.0s": {
    "n_samples": 72000,
    "min": 4.69,
    "p50": 5.0,
    "p90": 6.59,
    "max": 12.11,
    "mean_ms": 5.44,
    "rtf": 0.00181
  },
  "5.0s": {
    "n_samples": 120000,
    "min": 6.77,
    "p50": 8.75,
    "p90": 14.26,
    "max": 17.93,
    "mean_ms": 9.72,
    "rtf": 0.00194
  },
  "10.0s": {
    "n_samples": 240000,
    "min": 12.13,
    "p50": 13.52,
    "p90": 19.0,
    "max": 22.6,
    "mean_ms": 14.99,
    "rtf": 0.0015
  }
}